title,content
Paris Travel Guide,Paris is famous for the Eiffel Tower and romantic culture.
Tokyo Food Guide,Tokyo offers sushi ramen and world class street food.
New York Tourism,New York is known for Times Square and Central Park.
Italy Travel Tips,Italy is famous for pizza pasta and historic cities.
Swiss Alps Adventure,Switzerland offers skiing hiking and scenic mountains.
AI Introduction,Artificial intelligence helps computers learn from data.
Machine Learning Basics,Machine learning enables systems to learn patterns.
Deep Learning Guide,Deep learning uses neural networks for complex tasks.
Python Programming,Python is widely used for AI and data science.
Cloud Computing Basics,Cloud computing provides scalable computing resources.